Nation,iso_code3,Code,Year,nemomod_entc_residual_capacity_pp_waste_incineration_gw
argentina,ARG,32,1970,0.0
argentina,ARG,32,1971,0.0
argentina,ARG,32,1972,0.0
argentina,ARG,32,1973,0.0
argentina,ARG,32,1974,0.0
argentina,ARG,32,1975,0.0
argentina,ARG,32,1976,0.0
argentina,ARG,32,1977,0.0
argentina,ARG,32,1978,0.0
argentina,ARG,32,1979,0.0
argentina,ARG,32,1980,0.0
argentina,ARG,32,1981,0.0
argentina,ARG,32,1982,0.0
argentina,ARG,32,1983,0.0
argentina,ARG,32,1984,0.0
argentina,ARG,32,1985,0.0
argentina,ARG,32,1986,0.0
argentina,ARG,32,1987,0.0
argentina,ARG,32,1988,0.0
argentina,ARG,32,1989,0.0
argentina,ARG,32,1990,0.0
argentina,ARG,32,1991,0.0
argentina,ARG,32,1992,0.0
argentina,ARG,32,1993,0.0
argentina,ARG,32,1994,0.0
argentina,ARG,32,1995,0.0
argentina,ARG,32,1996,0.0
argentina,ARG,32,1997,0.0
argentina,ARG,32,1998,0.0
argentina,ARG,32,1999,0.0
argentina,ARG,32,2000,0.0
argentina,ARG,32,2001,0.0
argentina,ARG,32,2002,0.0
argentina,ARG,32,2003,0.0
argentina,ARG,32,2004,0.0
argentina,ARG,32,2005,0.0
argentina,ARG,32,2006,0.0
argentina,ARG,32,2007,0.0
argentina,ARG,32,2008,0.0
argentina,ARG,32,2009,0.0
argentina,ARG,32,2010,0.0
argentina,ARG,32,2011,0.0
argentina,ARG,32,2012,0.0
argentina,ARG,32,2013,0.0
argentina,ARG,32,2014,0.0
argentina,ARG,32,2015,0.0
argentina,ARG,32,2016,0.0
argentina,ARG,32,2017,0.0
argentina,ARG,32,2018,0.0
argentina,ARG,32,2019,0.0
argentina,ARG,32,2020,0.0
argentina,ARG,32,2021,0.0
bahamas,BHS,44,1970,0.0
bahamas,BHS,44,1971,0.0
bahamas,BHS,44,1972,0.0
bahamas,BHS,44,1973,0.0
bahamas,BHS,44,1974,0.0
bahamas,BHS,44,1975,0.0
bahamas,BHS,44,1976,0.0
bahamas,BHS,44,1977,0.0
bahamas,BHS,44,1978,0.0
bahamas,BHS,44,1979,0.0
bahamas,BHS,44,1980,0.0
bahamas,BHS,44,1981,0.0
bahamas,BHS,44,1982,0.0
bahamas,BHS,44,1983,0.0
bahamas,BHS,44,1984,0.0
bahamas,BHS,44,1985,0.0
bahamas,BHS,44,1986,0.0
bahamas,BHS,44,1987,0.0
bahamas,BHS,44,1988,0.0
bahamas,BHS,44,1989,0.0
bahamas,BHS,44,1990,0.0
bahamas,BHS,44,1991,0.0
bahamas,BHS,44,1992,0.0
bahamas,BHS,44,1993,0.0
bahamas,BHS,44,1994,0.0
bahamas,BHS,44,1995,0.0
bahamas,BHS,44,1996,0.0
bahamas,BHS,44,1997,0.0
bahamas,BHS,44,1998,0.0
bahamas,BHS,44,1999,0.0
bahamas,BHS,44,2000,0.0
bahamas,BHS,44,2001,0.0
bahamas,BHS,44,2002,0.0
bahamas,BHS,44,2003,0.0
bahamas,BHS,44,2004,0.0
bahamas,BHS,44,2005,0.0
bahamas,BHS,44,2006,0.0
bahamas,BHS,44,2007,0.0
bahamas,BHS,44,2008,0.0
bahamas,BHS,44,2009,0.0
bahamas,BHS,44,2010,0.0
bahamas,BHS,44,2011,0.0
bahamas,BHS,44,2012,0.0
bahamas,BHS,44,2013,0.0
bahamas,BHS,44,2014,0.0
bahamas,BHS,44,2015,0.0
bahamas,BHS,44,2016,0.0
bahamas,BHS,44,2017,0.0
bahamas,BHS,44,2018,0.0
bahamas,BHS,44,2019,0.0
bahamas,BHS,44,2020,0.0
bahamas,BHS,44,2021,0.0
barbados,BRB,52,1970,0.0
barbados,BRB,52,1971,0.0
barbados,BRB,52,1972,0.0
barbados,BRB,52,1973,0.0
barbados,BRB,52,1974,0.0
barbados,BRB,52,1975,0.0
barbados,BRB,52,1976,0.0
barbados,BRB,52,1977,0.0
barbados,BRB,52,1978,0.0
barbados,BRB,52,1979,0.0
barbados,BRB,52,1980,0.0
barbados,BRB,52,1981,0.0
barbados,BRB,52,1982,0.0
barbados,BRB,52,1983,0.0
barbados,BRB,52,1984,0.0
barbados,BRB,52,1985,0.0
barbados,BRB,52,1986,0.0
barbados,BRB,52,1987,0.0
barbados,BRB,52,1988,0.0
barbados,BRB,52,1989,0.0
barbados,BRB,52,1990,0.0
barbados,BRB,52,1991,0.0
barbados,BRB,52,1992,0.0
barbados,BRB,52,1993,0.0
barbados,BRB,52,1994,0.0
barbados,BRB,52,1995,0.0
barbados,BRB,52,1996,0.0
barbados,BRB,52,1997,0.0
barbados,BRB,52,1998,0.0
barbados,BRB,52,1999,0.0
barbados,BRB,52,2000,0.0
barbados,BRB,52,2001,0.0
barbados,BRB,52,2002,0.0
barbados,BRB,52,2003,0.0
barbados,BRB,52,2004,0.0
barbados,BRB,52,2005,0.0
barbados,BRB,52,2006,0.0
barbados,BRB,52,2007,0.0
barbados,BRB,52,2008,0.0
barbados,BRB,52,2009,0.0
barbados,BRB,52,2010,0.0
barbados,BRB,52,2011,0.0
barbados,BRB,52,2012,0.0
barbados,BRB,52,2013,0.0
barbados,BRB,52,2014,0.0
barbados,BRB,52,2015,0.0
barbados,BRB,52,2016,0.0
barbados,BRB,52,2017,0.0
barbados,BRB,52,2018,0.0
barbados,BRB,52,2019,0.0
barbados,BRB,52,2020,0.0
barbados,BRB,52,2021,0.0
belize,BLZ,84,1970,0.0
belize,BLZ,84,1971,0.0
belize,BLZ,84,1972,0.0
belize,BLZ,84,1973,0.0
belize,BLZ,84,1974,0.0
belize,BLZ,84,1975,0.0
belize,BLZ,84,1976,0.0
belize,BLZ,84,1977,0.0
belize,BLZ,84,1978,0.0
belize,BLZ,84,1979,0.0
belize,BLZ,84,1980,0.0
belize,BLZ,84,1981,0.0
belize,BLZ,84,1982,0.0
belize,BLZ,84,1983,0.0
belize,BLZ,84,1984,0.0
belize,BLZ,84,1985,0.0
belize,BLZ,84,1986,0.0
belize,BLZ,84,1987,0.0
belize,BLZ,84,1988,0.0
belize,BLZ,84,1989,0.0
belize,BLZ,84,1990,0.0
belize,BLZ,84,1991,0.0
belize,BLZ,84,1992,0.0
belize,BLZ,84,1993,0.0
belize,BLZ,84,1994,0.0
belize,BLZ,84,1995,0.0
belize,BLZ,84,1996,0.0
belize,BLZ,84,1997,0.0
belize,BLZ,84,1998,0.0
belize,BLZ,84,1999,0.0
belize,BLZ,84,2000,0.0
belize,BLZ,84,2001,0.0
belize,BLZ,84,2002,0.0
belize,BLZ,84,2003,0.0
belize,BLZ,84,2004,0.0
belize,BLZ,84,2005,0.0
belize,BLZ,84,2006,0.0
belize,BLZ,84,2007,0.0
belize,BLZ,84,2008,0.0
belize,BLZ,84,2009,0.0
belize,BLZ,84,2010,0.0
belize,BLZ,84,2011,0.0
belize,BLZ,84,2012,0.0
belize,BLZ,84,2013,0.0
belize,BLZ,84,2014,0.0
belize,BLZ,84,2015,0.0
belize,BLZ,84,2016,0.0
belize,BLZ,84,2017,0.0
belize,BLZ,84,2018,0.0
belize,BLZ,84,2019,0.0
belize,BLZ,84,2020,0.0
belize,BLZ,84,2021,0.0
bolivia,BOL,68,1970,0.0
bolivia,BOL,68,1971,0.0
bolivia,BOL,68,1972,0.0
bolivia,BOL,68,1973,0.0
bolivia,BOL,68,1974,0.0
bolivia,BOL,68,1975,0.0
bolivia,BOL,68,1976,0.0
bolivia,BOL,68,1977,0.0
bolivia,BOL,68,1978,0.0
bolivia,BOL,68,1979,0.0
bolivia,BOL,68,1980,0.0
bolivia,BOL,68,1981,0.0
bolivia,BOL,68,1982,0.0
bolivia,BOL,68,1983,0.0
bolivia,BOL,68,1984,0.0
bolivia,BOL,68,1985,0.0
bolivia,BOL,68,1986,0.0
bolivia,BOL,68,1987,0.0
bolivia,BOL,68,1988,0.0
bolivia,BOL,68,1989,0.0
bolivia,BOL,68,1990,0.0
bolivia,BOL,68,1991,0.0
bolivia,BOL,68,1992,0.0
bolivia,BOL,68,1993,0.0
bolivia,BOL,68,1994,0.0
bolivia,BOL,68,1995,0.0
bolivia,BOL,68,1996,0.0
bolivia,BOL,68,1997,0.0
bolivia,BOL,68,1998,0.0
bolivia,BOL,68,1999,0.0
bolivia,BOL,68,2000,0.0
bolivia,BOL,68,2001,0.0
bolivia,BOL,68,2002,0.0
bolivia,BOL,68,2003,0.0
bolivia,BOL,68,2004,0.0
bolivia,BOL,68,2005,0.0
bolivia,BOL,68,2006,0.0
bolivia,BOL,68,2007,0.0
bolivia,BOL,68,2008,0.0
bolivia,BOL,68,2009,0.0
bolivia,BOL,68,2010,0.0
bolivia,BOL,68,2011,0.0
bolivia,BOL,68,2012,0.0
bolivia,BOL,68,2013,0.0
bolivia,BOL,68,2014,0.0
bolivia,BOL,68,2015,0.0
bolivia,BOL,68,2016,0.0
bolivia,BOL,68,2017,0.0
bolivia,BOL,68,2018,0.0
bolivia,BOL,68,2019,0.0
bolivia,BOL,68,2020,0.0
bolivia,BOL,68,2021,0.0
brazil,BRA,76,1970,0.0
brazil,BRA,76,1971,0.0
brazil,BRA,76,1972,0.0
brazil,BRA,76,1973,0.0
brazil,BRA,76,1974,0.0
brazil,BRA,76,1975,0.0
brazil,BRA,76,1976,0.0
brazil,BRA,76,1977,0.0
brazil,BRA,76,1978,0.0
brazil,BRA,76,1979,0.0
brazil,BRA,76,1980,0.0
brazil,BRA,76,1981,0.0
brazil,BRA,76,1982,0.0
brazil,BRA,76,1983,0.0
brazil,BRA,76,1984,0.0
brazil,BRA,76,1985,0.0
brazil,BRA,76,1986,0.04
brazil,BRA,76,1987,0.04
brazil,BRA,76,1988,0.04
brazil,BRA,76,1989,0.04
brazil,BRA,76,1990,0.04
brazil,BRA,76,1991,0.04
brazil,BRA,76,1992,0.04
brazil,BRA,76,1993,0.04
brazil,BRA,76,1994,0.04
brazil,BRA,76,1995,0.04
brazil,BRA,76,1996,0.06440000000000001
brazil,BRA,76,1997,0.06440000000000001
brazil,BRA,76,1998,0.06440000000000001
brazil,BRA,76,1999,0.06440000000000001
brazil,BRA,76,2000,0.06440000000000001
brazil,BRA,76,2001,0.06440000000000001
brazil,BRA,76,2002,0.0694
brazil,BRA,76,2003,0.0694
brazil,BRA,76,2004,0.0694
brazil,BRA,76,2005,0.0694
brazil,BRA,76,2006,0.0694
brazil,BRA,76,2007,0.21670000000000003
brazil,BRA,76,2008,0.21670000000000003
brazil,BRA,76,2009,0.21670000000000003
brazil,BRA,76,2010,0.21670000000000003
brazil,BRA,76,2011,0.21670000000000003
brazil,BRA,76,2012,0.21670000000000003
brazil,BRA,76,2013,0.21670000000000003
brazil,BRA,76,2014,0.21670000000000003
brazil,BRA,76,2015,0.21670000000000003
brazil,BRA,76,2016,0.22235000000000002
brazil,BRA,76,2017,0.22235000000000002
brazil,BRA,76,2018,0.22235000000000002
brazil,BRA,76,2019,0.23037000000000005
brazil,BRA,76,2020,0.23037000000000005
brazil,BRA,76,2021,0.23037000000000005
chile,CHL,152,1970,0.0
chile,CHL,152,1971,0.0
chile,CHL,152,1972,0.0
chile,CHL,152,1973,0.0
chile,CHL,152,1974,0.0
chile,CHL,152,1975,0.0
chile,CHL,152,1976,0.0
chile,CHL,152,1977,0.0
chile,CHL,152,1978,0.0
chile,CHL,152,1979,0.0
chile,CHL,152,1980,0.0
chile,CHL,152,1981,0.0
chile,CHL,152,1982,0.0
chile,CHL,152,1983,0.0
chile,CHL,152,1984,0.0
chile,CHL,152,1985,0.0
chile,CHL,152,1986,0.0
chile,CHL,152,1987,0.0
chile,CHL,152,1988,0.0
chile,CHL,152,1989,0.0
chile,CHL,152,1990,0.0
chile,CHL,152,1991,0.0
chile,CHL,152,1992,0.0
chile,CHL,152,1993,0.0
chile,CHL,152,1994,0.0
chile,CHL,152,1995,0.0
chile,CHL,152,1996,0.0
chile,CHL,152,1997,0.0
chile,CHL,152,1998,0.0
chile,CHL,152,1999,0.0
chile,CHL,152,2000,0.0
chile,CHL,152,2001,0.0
chile,CHL,152,2002,0.0
chile,CHL,152,2003,0.0
chile,CHL,152,2004,0.0
chile,CHL,152,2005,0.0
chile,CHL,152,2006,0.0
chile,CHL,152,2007,0.0
chile,CHL,152,2008,0.0
chile,CHL,152,2009,0.0
chile,CHL,152,2010,0.0
chile,CHL,152,2011,0.0
chile,CHL,152,2012,0.0
chile,CHL,152,2013,0.0
chile,CHL,152,2014,0.0
chile,CHL,152,2015,0.0
chile,CHL,152,2016,0.0
chile,CHL,152,2017,0.0
chile,CHL,152,2018,0.0
chile,CHL,152,2019,0.0
chile,CHL,152,2020,0.0
chile,CHL,152,2021,0.0
colombia,COL,170,1970,0.0
colombia,COL,170,1971,0.0
colombia,COL,170,1972,0.0
colombia,COL,170,1973,0.0
colombia,COL,170,1974,0.0
colombia,COL,170,1975,0.0
colombia,COL,170,1976,0.0
colombia,COL,170,1977,0.0
colombia,COL,170,1978,0.0
colombia,COL,170,1979,0.0
colombia,COL,170,1980,0.0
colombia,COL,170,1981,0.0
colombia,COL,170,1982,0.0
colombia,COL,170,1983,0.0
colombia,COL,170,1984,0.0
colombia,COL,170,1985,0.0
colombia,COL,170,1986,0.0
colombia,COL,170,1987,0.0
colombia,COL,170,1988,0.0
colombia,COL,170,1989,0.0
colombia,COL,170,1990,0.0
colombia,COL,170,1991,0.0
colombia,COL,170,1992,0.0
colombia,COL,170,1993,0.0
colombia,COL,170,1994,0.0
colombia,COL,170,1995,0.0
colombia,COL,170,1996,0.0
colombia,COL,170,1997,0.0
colombia,COL,170,1998,0.0
colombia,COL,170,1999,0.0
colombia,COL,170,2000,0.0
colombia,COL,170,2001,0.0
colombia,COL,170,2002,0.0
colombia,COL,170,2003,0.0
colombia,COL,170,2004,0.0
colombia,COL,170,2005,0.0
colombia,COL,170,2006,0.0
colombia,COL,170,2007,0.0
colombia,COL,170,2008,0.0
colombia,COL,170,2009,0.0
colombia,COL,170,2010,0.0
colombia,COL,170,2011,0.0
colombia,COL,170,2012,0.0
colombia,COL,170,2013,0.0
colombia,COL,170,2014,0.0
colombia,COL,170,2015,0.0
colombia,COL,170,2016,0.0
colombia,COL,170,2017,0.0
colombia,COL,170,2018,0.0
colombia,COL,170,2019,0.0
colombia,COL,170,2020,0.0
colombia,COL,170,2021,0.0
costa_rica,CRI,188,1970,0.0
costa_rica,CRI,188,1971,0.0
costa_rica,CRI,188,1972,0.0
costa_rica,CRI,188,1973,0.0
costa_rica,CRI,188,1974,0.0
costa_rica,CRI,188,1975,0.0
costa_rica,CRI,188,1976,0.0
costa_rica,CRI,188,1977,0.0
costa_rica,CRI,188,1978,0.0
costa_rica,CRI,188,1979,0.0
costa_rica,CRI,188,1980,0.0
costa_rica,CRI,188,1981,0.0
costa_rica,CRI,188,1982,0.0
costa_rica,CRI,188,1983,0.0
costa_rica,CRI,188,1984,0.0
costa_rica,CRI,188,1985,0.0
costa_rica,CRI,188,1986,0.0
costa_rica,CRI,188,1987,0.0
costa_rica,CRI,188,1988,0.0
costa_rica,CRI,188,1989,0.0
costa_rica,CRI,188,1990,0.0
costa_rica,CRI,188,1991,0.0
costa_rica,CRI,188,1992,0.0
costa_rica,CRI,188,1993,0.0
costa_rica,CRI,188,1994,0.0
costa_rica,CRI,188,1995,0.0
costa_rica,CRI,188,1996,0.0
costa_rica,CRI,188,1997,0.0
costa_rica,CRI,188,1998,0.0
costa_rica,CRI,188,1999,0.0
costa_rica,CRI,188,2000,0.0
costa_rica,CRI,188,2001,0.0
costa_rica,CRI,188,2002,0.0
costa_rica,CRI,188,2003,0.0
costa_rica,CRI,188,2004,0.0
costa_rica,CRI,188,2005,0.0
costa_rica,CRI,188,2006,0.0
costa_rica,CRI,188,2007,0.0
costa_rica,CRI,188,2008,0.0
costa_rica,CRI,188,2009,0.0
costa_rica,CRI,188,2010,0.0
costa_rica,CRI,188,2011,0.0
costa_rica,CRI,188,2012,0.0
costa_rica,CRI,188,2013,0.0
costa_rica,CRI,188,2014,0.0
costa_rica,CRI,188,2015,0.0
costa_rica,CRI,188,2016,0.0
costa_rica,CRI,188,2017,0.0
costa_rica,CRI,188,2018,0.0
costa_rica,CRI,188,2019,0.0
costa_rica,CRI,188,2020,0.0
costa_rica,CRI,188,2021,0.0
dominican_republic,DOM,214,1970,0.0
dominican_republic,DOM,214,1971,0.0
dominican_republic,DOM,214,1972,0.0
dominican_republic,DOM,214,1973,0.0
dominican_republic,DOM,214,1974,0.0
dominican_republic,DOM,214,1975,0.0
dominican_republic,DOM,214,1976,0.0
dominican_republic,DOM,214,1977,0.0
dominican_republic,DOM,214,1978,0.0
dominican_republic,DOM,214,1979,0.0
dominican_republic,DOM,214,1980,0.0
dominican_republic,DOM,214,1981,0.0
dominican_republic,DOM,214,1982,0.0
dominican_republic,DOM,214,1983,0.0
dominican_republic,DOM,214,1984,0.0
dominican_republic,DOM,214,1985,0.0
dominican_republic,DOM,214,1986,0.0
dominican_republic,DOM,214,1987,0.0
dominican_republic,DOM,214,1988,0.0
dominican_republic,DOM,214,1989,0.0
dominican_republic,DOM,214,1990,0.0
dominican_republic,DOM,214,1991,0.0
dominican_republic,DOM,214,1992,0.0
dominican_republic,DOM,214,1993,0.0
dominican_republic,DOM,214,1994,0.0
dominican_republic,DOM,214,1995,0.0
dominican_republic,DOM,214,1996,0.0
dominican_republic,DOM,214,1997,0.0
dominican_republic,DOM,214,1998,0.0
dominican_republic,DOM,214,1999,0.0
dominican_republic,DOM,214,2000,0.0
dominican_republic,DOM,214,2001,0.0
dominican_republic,DOM,214,2002,0.0
dominican_republic,DOM,214,2003,0.0
dominican_republic,DOM,214,2004,0.0
dominican_republic,DOM,214,2005,0.0
dominican_republic,DOM,214,2006,0.0
dominican_republic,DOM,214,2007,0.0
dominican_republic,DOM,214,2008,0.0
dominican_republic,DOM,214,2009,0.0
dominican_republic,DOM,214,2010,0.0
dominican_republic,DOM,214,2011,0.0
dominican_republic,DOM,214,2012,0.0
dominican_republic,DOM,214,2013,0.0
dominican_republic,DOM,214,2014,0.0
dominican_republic,DOM,214,2015,0.0
dominican_republic,DOM,214,2016,0.0
dominican_republic,DOM,214,2017,0.0
dominican_republic,DOM,214,2018,0.0
dominican_republic,DOM,214,2019,0.0
dominican_republic,DOM,214,2020,0.0
dominican_republic,DOM,214,2021,0.0
ecuador,ECU,218,1970,0.0
ecuador,ECU,218,1971,0.0
ecuador,ECU,218,1972,0.0
ecuador,ECU,218,1973,0.0
ecuador,ECU,218,1974,0.0
ecuador,ECU,218,1975,0.0
ecuador,ECU,218,1976,0.0
ecuador,ECU,218,1977,0.0
ecuador,ECU,218,1978,0.0
ecuador,ECU,218,1979,0.0
ecuador,ECU,218,1980,0.0
ecuador,ECU,218,1981,0.0
ecuador,ECU,218,1982,0.0
ecuador,ECU,218,1983,0.0
ecuador,ECU,218,1984,0.0
ecuador,ECU,218,1985,0.0
ecuador,ECU,218,1986,0.0
ecuador,ECU,218,1987,0.0
ecuador,ECU,218,1988,0.0
ecuador,ECU,218,1989,0.0
ecuador,ECU,218,1990,0.0
ecuador,ECU,218,1991,0.0
ecuador,ECU,218,1992,0.0
ecuador,ECU,218,1993,0.0
ecuador,ECU,218,1994,0.0
ecuador,ECU,218,1995,0.0
ecuador,ECU,218,1996,0.0
ecuador,ECU,218,1997,0.0
ecuador,ECU,218,1998,0.0
ecuador,ECU,218,1999,0.0
ecuador,ECU,218,2000,0.0
ecuador,ECU,218,2001,0.0
ecuador,ECU,218,2002,0.0
ecuador,ECU,218,2003,0.0
ecuador,ECU,218,2004,0.0
ecuador,ECU,218,2005,0.0
ecuador,ECU,218,2006,0.0
ecuador,ECU,218,2007,0.0
ecuador,ECU,218,2008,0.0
ecuador,ECU,218,2009,0.0
ecuador,ECU,218,2010,0.0
ecuador,ECU,218,2011,0.0
ecuador,ECU,218,2012,0.0
ecuador,ECU,218,2013,0.0
ecuador,ECU,218,2014,0.0
ecuador,ECU,218,2015,0.0
ecuador,ECU,218,2016,0.0
ecuador,ECU,218,2017,0.0
ecuador,ECU,218,2018,0.0
ecuador,ECU,218,2019,0.0
ecuador,ECU,218,2020,0.0
ecuador,ECU,218,2021,0.0
el_salvador,SLV,222,1970,0.0
el_salvador,SLV,222,1971,0.0
el_salvador,SLV,222,1972,0.0
el_salvador,SLV,222,1973,0.0
el_salvador,SLV,222,1974,0.0
el_salvador,SLV,222,1975,0.0
el_salvador,SLV,222,1976,0.0
el_salvador,SLV,222,1977,0.0
el_salvador,SLV,222,1978,0.0
el_salvador,SLV,222,1979,0.0
el_salvador,SLV,222,1980,0.0
el_salvador,SLV,222,1981,0.0
el_salvador,SLV,222,1982,0.0
el_salvador,SLV,222,1983,0.0
el_salvador,SLV,222,1984,0.0
el_salvador,SLV,222,1985,0.0
el_salvador,SLV,222,1986,0.0
el_salvador,SLV,222,1987,0.0
el_salvador,SLV,222,1988,0.0
el_salvador,SLV,222,1989,0.0
el_salvador,SLV,222,1990,0.0
el_salvador,SLV,222,1991,0.0
el_salvador,SLV,222,1992,0.0
el_salvador,SLV,222,1993,0.0
el_salvador,SLV,222,1994,0.0
el_salvador,SLV,222,1995,0.0
el_salvador,SLV,222,1996,0.0
el_salvador,SLV,222,1997,0.0
el_salvador,SLV,222,1998,0.0
el_salvador,SLV,222,1999,0.0
el_salvador,SLV,222,2000,0.0
el_salvador,SLV,222,2001,0.0
el_salvador,SLV,222,2002,0.0
el_salvador,SLV,222,2003,0.0
el_salvador,SLV,222,2004,0.0
el_salvador,SLV,222,2005,0.0
el_salvador,SLV,222,2006,0.0
el_salvador,SLV,222,2007,0.0
el_salvador,SLV,222,2008,0.0
el_salvador,SLV,222,2009,0.0
el_salvador,SLV,222,2010,0.0
el_salvador,SLV,222,2011,0.0
el_salvador,SLV,222,2012,0.0
el_salvador,SLV,222,2013,0.0
el_salvador,SLV,222,2014,0.0
el_salvador,SLV,222,2015,0.0
el_salvador,SLV,222,2016,0.0
el_salvador,SLV,222,2017,0.0
el_salvador,SLV,222,2018,0.0
el_salvador,SLV,222,2019,0.0
el_salvador,SLV,222,2020,0.0
el_salvador,SLV,222,2021,0.0
guatemala,GTM,320,1970,0.0
guatemala,GTM,320,1971,0.0
guatemala,GTM,320,1972,0.0
guatemala,GTM,320,1973,0.0
guatemala,GTM,320,1974,0.0
guatemala,GTM,320,1975,0.0
guatemala,GTM,320,1976,0.0
guatemala,GTM,320,1977,0.0
guatemala,GTM,320,1978,0.0
guatemala,GTM,320,1979,0.0
guatemala,GTM,320,1980,0.0
guatemala,GTM,320,1981,0.0
guatemala,GTM,320,1982,0.0
guatemala,GTM,320,1983,0.0
guatemala,GTM,320,1984,0.0
guatemala,GTM,320,1985,0.0
guatemala,GTM,320,1986,0.0
guatemala,GTM,320,1987,0.0
guatemala,GTM,320,1988,0.0
guatemala,GTM,320,1989,0.0
guatemala,GTM,320,1990,0.0
guatemala,GTM,320,1991,0.0
guatemala,GTM,320,1992,0.0
guatemala,GTM,320,1993,0.0
guatemala,GTM,320,1994,0.0
guatemala,GTM,320,1995,0.0
guatemala,GTM,320,1996,0.0
guatemala,GTM,320,1997,0.0
guatemala,GTM,320,1998,0.0
guatemala,GTM,320,1999,0.0
guatemala,GTM,320,2000,0.0
guatemala,GTM,320,2001,0.0
guatemala,GTM,320,2002,0.0
guatemala,GTM,320,2003,0.0
guatemala,GTM,320,2004,0.0
guatemala,GTM,320,2005,0.0
guatemala,GTM,320,2006,0.0
guatemala,GTM,320,2007,0.0
guatemala,GTM,320,2008,0.0
guatemala,GTM,320,2009,0.0
guatemala,GTM,320,2010,0.0
guatemala,GTM,320,2011,0.0
guatemala,GTM,320,2012,0.0
guatemala,GTM,320,2013,0.0
guatemala,GTM,320,2014,0.0
guatemala,GTM,320,2015,0.0
guatemala,GTM,320,2016,0.0
guatemala,GTM,320,2017,0.0
guatemala,GTM,320,2018,0.0
guatemala,GTM,320,2019,0.0
guatemala,GTM,320,2020,0.0
guatemala,GTM,320,2021,0.0
guyana,GUY,328,1970,0.0
guyana,GUY,328,1971,0.0
guyana,GUY,328,1972,0.0
guyana,GUY,328,1973,0.0
guyana,GUY,328,1974,0.0
guyana,GUY,328,1975,0.0
guyana,GUY,328,1976,0.0
guyana,GUY,328,1977,0.0
guyana,GUY,328,1978,0.0
guyana,GUY,328,1979,0.0
guyana,GUY,328,1980,0.0
guyana,GUY,328,1981,0.0
guyana,GUY,328,1982,0.0
guyana,GUY,328,1983,0.0
guyana,GUY,328,1984,0.0
guyana,GUY,328,1985,0.0
guyana,GUY,328,1986,0.0
guyana,GUY,328,1987,0.0
guyana,GUY,328,1988,0.0
guyana,GUY,328,1989,0.0
guyana,GUY,328,1990,0.0
guyana,GUY,328,1991,0.0
guyana,GUY,328,1992,0.0
guyana,GUY,328,1993,0.0
guyana,GUY,328,1994,0.0
guyana,GUY,328,1995,0.0
guyana,GUY,328,1996,0.0
guyana,GUY,328,1997,0.0
guyana,GUY,328,1998,0.0
guyana,GUY,328,1999,0.0
guyana,GUY,328,2000,0.0
guyana,GUY,328,2001,0.0
guyana,GUY,328,2002,0.0
guyana,GUY,328,2003,0.0
guyana,GUY,328,2004,0.0
guyana,GUY,328,2005,0.0
guyana,GUY,328,2006,0.0
guyana,GUY,328,2007,0.0
guyana,GUY,328,2008,0.0
guyana,GUY,328,2009,0.0
guyana,GUY,328,2010,0.0
guyana,GUY,328,2011,0.0
guyana,GUY,328,2012,0.0
guyana,GUY,328,2013,0.0
guyana,GUY,328,2014,0.0
guyana,GUY,328,2015,0.0
guyana,GUY,328,2016,0.0
guyana,GUY,328,2017,0.0
guyana,GUY,328,2018,0.0
guyana,GUY,328,2019,0.0
guyana,GUY,328,2020,0.0
guyana,GUY,328,2021,0.0
haiti,HTI,332,1970,0.0
haiti,HTI,332,1971,0.0
haiti,HTI,332,1972,0.0
haiti,HTI,332,1973,0.0
haiti,HTI,332,1974,0.0
haiti,HTI,332,1975,0.0
haiti,HTI,332,1976,0.0
haiti,HTI,332,1977,0.0
haiti,HTI,332,1978,0.0
haiti,HTI,332,1979,0.0
haiti,HTI,332,1980,0.0
haiti,HTI,332,1981,0.0
haiti,HTI,332,1982,0.0
haiti,HTI,332,1983,0.0
haiti,HTI,332,1984,0.0
haiti,HTI,332,1985,0.0
haiti,HTI,332,1986,0.0
haiti,HTI,332,1987,0.0
haiti,HTI,332,1988,0.0
haiti,HTI,332,1989,0.0
haiti,HTI,332,1990,0.0
haiti,HTI,332,1991,0.0
haiti,HTI,332,1992,0.0
haiti,HTI,332,1993,0.0
haiti,HTI,332,1994,0.0
haiti,HTI,332,1995,0.0
haiti,HTI,332,1996,0.0
haiti,HTI,332,1997,0.0
haiti,HTI,332,1998,0.0
haiti,HTI,332,1999,0.0
haiti,HTI,332,2000,0.0
haiti,HTI,332,2001,0.0
haiti,HTI,332,2002,0.0
haiti,HTI,332,2003,0.0
haiti,HTI,332,2004,0.0
haiti,HTI,332,2005,0.0
haiti,HTI,332,2006,0.0
haiti,HTI,332,2007,0.0
haiti,HTI,332,2008,0.0
haiti,HTI,332,2009,0.0
haiti,HTI,332,2010,0.0
haiti,HTI,332,2011,0.0
haiti,HTI,332,2012,0.0
haiti,HTI,332,2013,0.0
haiti,HTI,332,2014,0.0
haiti,HTI,332,2015,0.0
haiti,HTI,332,2016,0.0
haiti,HTI,332,2017,0.0
haiti,HTI,332,2018,0.0
haiti,HTI,332,2019,0.0
haiti,HTI,332,2020,0.0
haiti,HTI,332,2021,0.0
honduras,HND,340,1970,0.0
honduras,HND,340,1971,0.0
honduras,HND,340,1972,0.0
honduras,HND,340,1973,0.0
honduras,HND,340,1974,0.0
honduras,HND,340,1975,0.0
honduras,HND,340,1976,0.0
honduras,HND,340,1977,0.0
honduras,HND,340,1978,0.0
honduras,HND,340,1979,0.0
honduras,HND,340,1980,0.0
honduras,HND,340,1981,0.0
honduras,HND,340,1982,0.0
honduras,HND,340,1983,0.0
honduras,HND,340,1984,0.0
honduras,HND,340,1985,0.0
honduras,HND,340,1986,0.0
honduras,HND,340,1987,0.0
honduras,HND,340,1988,0.0
honduras,HND,340,1989,0.0
honduras,HND,340,1990,0.0
honduras,HND,340,1991,0.0
honduras,HND,340,1992,0.0
honduras,HND,340,1993,0.0
honduras,HND,340,1994,0.0
honduras,HND,340,1995,0.0
honduras,HND,340,1996,0.0
honduras,HND,340,1997,0.0
honduras,HND,340,1998,0.0
honduras,HND,340,1999,0.0
honduras,HND,340,2000,0.0
honduras,HND,340,2001,0.0
honduras,HND,340,2002,0.0
honduras,HND,340,2003,0.0
honduras,HND,340,2004,0.0
honduras,HND,340,2005,0.0
honduras,HND,340,2006,0.0
honduras,HND,340,2007,0.0
honduras,HND,340,2008,0.0
honduras,HND,340,2009,0.0
honduras,HND,340,2010,0.0
honduras,HND,340,2011,0.0
honduras,HND,340,2012,0.0
honduras,HND,340,2013,0.0
honduras,HND,340,2014,0.0
honduras,HND,340,2015,0.0
honduras,HND,340,2016,0.0
honduras,HND,340,2017,0.0
honduras,HND,340,2018,0.0
honduras,HND,340,2019,0.0
honduras,HND,340,2020,0.0
honduras,HND,340,2021,0.0
jamaica,JAM,388,1970,0.0
jamaica,JAM,388,1971,0.0
jamaica,JAM,388,1972,0.0
jamaica,JAM,388,1973,0.0
jamaica,JAM,388,1974,0.0
jamaica,JAM,388,1975,0.0
jamaica,JAM,388,1976,0.0
jamaica,JAM,388,1977,0.0
jamaica,JAM,388,1978,0.0
jamaica,JAM,388,1979,0.0
jamaica,JAM,388,1980,0.0
jamaica,JAM,388,1981,0.0
jamaica,JAM,388,1982,0.0
jamaica,JAM,388,1983,0.0
jamaica,JAM,388,1984,0.0
jamaica,JAM,388,1985,0.0
jamaica,JAM,388,1986,0.0
jamaica,JAM,388,1987,0.0
jamaica,JAM,388,1988,0.0
jamaica,JAM,388,1989,0.0
jamaica,JAM,388,1990,0.0
jamaica,JAM,388,1991,0.0
jamaica,JAM,388,1992,0.0
jamaica,JAM,388,1993,0.0
jamaica,JAM,388,1994,0.0
jamaica,JAM,388,1995,0.0
jamaica,JAM,388,1996,0.0
jamaica,JAM,388,1997,0.0
jamaica,JAM,388,1998,0.0
jamaica,JAM,388,1999,0.0
jamaica,JAM,388,2000,0.0
jamaica,JAM,388,2001,0.0
jamaica,JAM,388,2002,0.0
jamaica,JAM,388,2003,0.0
jamaica,JAM,388,2004,0.0
jamaica,JAM,388,2005,0.0
jamaica,JAM,388,2006,0.0
jamaica,JAM,388,2007,0.0
jamaica,JAM,388,2008,0.0
jamaica,JAM,388,2009,0.0
jamaica,JAM,388,2010,0.0
jamaica,JAM,388,2011,0.0
jamaica,JAM,388,2012,0.0
jamaica,JAM,388,2013,0.0
jamaica,JAM,388,2014,0.0
jamaica,JAM,388,2015,0.0
jamaica,JAM,388,2016,0.0
jamaica,JAM,388,2017,0.0
jamaica,JAM,388,2018,0.0
jamaica,JAM,388,2019,0.0
jamaica,JAM,388,2020,0.0
jamaica,JAM,388,2021,0.0
mexico,MEX,484,1970,0.0
mexico,MEX,484,1971,0.0
mexico,MEX,484,1972,0.0
mexico,MEX,484,1973,0.0
mexico,MEX,484,1974,0.0
mexico,MEX,484,1975,0.0
mexico,MEX,484,1976,0.0
mexico,MEX,484,1977,0.0
mexico,MEX,484,1978,0.0
mexico,MEX,484,1979,0.0
mexico,MEX,484,1980,0.0
mexico,MEX,484,1981,0.0
mexico,MEX,484,1982,0.0
mexico,MEX,484,1983,0.0
mexico,MEX,484,1984,0.0
mexico,MEX,484,1985,0.0
mexico,MEX,484,1986,0.0
mexico,MEX,484,1987,0.0
mexico,MEX,484,1988,0.0
mexico,MEX,484,1989,0.0
mexico,MEX,484,1990,0.0
mexico,MEX,484,1991,0.0
mexico,MEX,484,1992,0.0
mexico,MEX,484,1993,0.0
mexico,MEX,484,1994,0.0
mexico,MEX,484,1995,0.0
mexico,MEX,484,1996,0.0
mexico,MEX,484,1997,0.0
mexico,MEX,484,1998,0.0
mexico,MEX,484,1999,0.0
mexico,MEX,484,2000,0.0
mexico,MEX,484,2001,0.0
mexico,MEX,484,2002,0.0
mexico,MEX,484,2003,0.0
mexico,MEX,484,2004,0.0
mexico,MEX,484,2005,0.0
mexico,MEX,484,2006,0.0
mexico,MEX,484,2007,0.0
mexico,MEX,484,2008,0.0
mexico,MEX,484,2009,0.0
mexico,MEX,484,2010,0.0
mexico,MEX,484,2011,0.0
mexico,MEX,484,2012,0.0
mexico,MEX,484,2013,0.0
mexico,MEX,484,2014,0.0
mexico,MEX,484,2015,0.0
mexico,MEX,484,2016,0.0
mexico,MEX,484,2017,0.0
mexico,MEX,484,2018,0.0
mexico,MEX,484,2019,0.0
mexico,MEX,484,2020,0.0
mexico,MEX,484,2021,0.0
nicaragua,NIC,558,1970,0.0
nicaragua,NIC,558,1971,0.0
nicaragua,NIC,558,1972,0.0
nicaragua,NIC,558,1973,0.0
nicaragua,NIC,558,1974,0.0
nicaragua,NIC,558,1975,0.0
nicaragua,NIC,558,1976,0.0
nicaragua,NIC,558,1977,0.0
nicaragua,NIC,558,1978,0.0
nicaragua,NIC,558,1979,0.0
nicaragua,NIC,558,1980,0.0
nicaragua,NIC,558,1981,0.0
nicaragua,NIC,558,1982,0.0
nicaragua,NIC,558,1983,0.0
nicaragua,NIC,558,1984,0.0
nicaragua,NIC,558,1985,0.0
nicaragua,NIC,558,1986,0.0
nicaragua,NIC,558,1987,0.0
nicaragua,NIC,558,1988,0.0
nicaragua,NIC,558,1989,0.0
nicaragua,NIC,558,1990,0.0
nicaragua,NIC,558,1991,0.0
nicaragua,NIC,558,1992,0.0
nicaragua,NIC,558,1993,0.0
nicaragua,NIC,558,1994,0.0
nicaragua,NIC,558,1995,0.0
nicaragua,NIC,558,1996,0.0
nicaragua,NIC,558,1997,0.0
nicaragua,NIC,558,1998,0.0
nicaragua,NIC,558,1999,0.0
nicaragua,NIC,558,2000,0.0
nicaragua,NIC,558,2001,0.0
nicaragua,NIC,558,2002,0.0
nicaragua,NIC,558,2003,0.0
nicaragua,NIC,558,2004,0.0
nicaragua,NIC,558,2005,0.0
nicaragua,NIC,558,2006,0.0
nicaragua,NIC,558,2007,0.0
nicaragua,NIC,558,2008,0.0
nicaragua,NIC,558,2009,0.0
nicaragua,NIC,558,2010,0.0
nicaragua,NIC,558,2011,0.0
nicaragua,NIC,558,2012,0.0
nicaragua,NIC,558,2013,0.0
nicaragua,NIC,558,2014,0.0
nicaragua,NIC,558,2015,0.0
nicaragua,NIC,558,2016,0.0
nicaragua,NIC,558,2017,0.0
nicaragua,NIC,558,2018,0.0
nicaragua,NIC,558,2019,0.0
nicaragua,NIC,558,2020,0.0
nicaragua,NIC,558,2021,0.0
panama,PAN,591,1970,0.0
panama,PAN,591,1971,0.0
panama,PAN,591,1972,0.0
panama,PAN,591,1973,0.0
panama,PAN,591,1974,0.0
panama,PAN,591,1975,0.0
panama,PAN,591,1976,0.0
panama,PAN,591,1977,0.0
panama,PAN,591,1978,0.0
panama,PAN,591,1979,0.0
panama,PAN,591,1980,0.0
panama,PAN,591,1981,0.0
panama,PAN,591,1982,0.0
panama,PAN,591,1983,0.0
panama,PAN,591,1984,0.0
panama,PAN,591,1985,0.0
panama,PAN,591,1986,0.0
panama,PAN,591,1987,0.0
panama,PAN,591,1988,0.0
panama,PAN,591,1989,0.0
panama,PAN,591,1990,0.0
panama,PAN,591,1991,0.0
panama,PAN,591,1992,0.0
panama,PAN,591,1993,0.0
panama,PAN,591,1994,0.0
panama,PAN,591,1995,0.0
panama,PAN,591,1996,0.0
panama,PAN,591,1997,0.0
panama,PAN,591,1998,0.0
panama,PAN,591,1999,0.0
panama,PAN,591,2000,0.0
panama,PAN,591,2001,0.0
panama,PAN,591,2002,0.0
panama,PAN,591,2003,0.0
panama,PAN,591,2004,0.0
panama,PAN,591,2005,0.0
panama,PAN,591,2006,0.0
panama,PAN,591,2007,0.0
panama,PAN,591,2008,0.0
panama,PAN,591,2009,0.0
panama,PAN,591,2010,0.0
panama,PAN,591,2011,0.0
panama,PAN,591,2012,0.0
panama,PAN,591,2013,0.0
panama,PAN,591,2014,0.0
panama,PAN,591,2015,0.0
panama,PAN,591,2016,0.0
panama,PAN,591,2017,0.0
panama,PAN,591,2018,0.0
panama,PAN,591,2019,0.0
panama,PAN,591,2020,0.0
panama,PAN,591,2021,0.0
paraguay,PRY,600,1970,0.0
paraguay,PRY,600,1971,0.0
paraguay,PRY,600,1972,0.0
paraguay,PRY,600,1973,0.0
paraguay,PRY,600,1974,0.0
paraguay,PRY,600,1975,0.0
paraguay,PRY,600,1976,0.0
paraguay,PRY,600,1977,0.0
paraguay,PRY,600,1978,0.0
paraguay,PRY,600,1979,0.0
paraguay,PRY,600,1980,0.0
paraguay,PRY,600,1981,0.0
paraguay,PRY,600,1982,0.0
paraguay,PRY,600,1983,0.0
paraguay,PRY,600,1984,0.0
paraguay,PRY,600,1985,0.0
paraguay,PRY,600,1986,0.0
paraguay,PRY,600,1987,0.0
paraguay,PRY,600,1988,0.0
paraguay,PRY,600,1989,0.0
paraguay,PRY,600,1990,0.0
paraguay,PRY,600,1991,0.0
paraguay,PRY,600,1992,0.0
paraguay,PRY,600,1993,0.0
paraguay,PRY,600,1994,0.0
paraguay,PRY,600,1995,0.0
paraguay,PRY,600,1996,0.0
paraguay,PRY,600,1997,0.0
paraguay,PRY,600,1998,0.0
paraguay,PRY,600,1999,0.0
paraguay,PRY,600,2000,0.0
paraguay,PRY,600,2001,0.0
paraguay,PRY,600,2002,0.0
paraguay,PRY,600,2003,0.0
paraguay,PRY,600,2004,0.0
paraguay,PRY,600,2005,0.0
paraguay,PRY,600,2006,0.0
paraguay,PRY,600,2007,0.0
paraguay,PRY,600,2008,0.0
paraguay,PRY,600,2009,0.0
paraguay,PRY,600,2010,0.0
paraguay,PRY,600,2011,0.0
paraguay,PRY,600,2012,0.0
paraguay,PRY,600,2013,0.0
paraguay,PRY,600,2014,0.0
paraguay,PRY,600,2015,0.0
paraguay,PRY,600,2016,0.0
paraguay,PRY,600,2017,0.0
paraguay,PRY,600,2018,0.0
paraguay,PRY,600,2019,0.0
paraguay,PRY,600,2020,0.0
paraguay,PRY,600,2021,0.0
peru,PER,604,1970,0.0
peru,PER,604,1971,0.0
peru,PER,604,1972,0.0
peru,PER,604,1973,0.0
peru,PER,604,1974,0.0
peru,PER,604,1975,0.0
peru,PER,604,1976,0.0
peru,PER,604,1977,0.0
peru,PER,604,1978,0.0
peru,PER,604,1979,0.0
peru,PER,604,1980,0.0
peru,PER,604,1981,0.0
peru,PER,604,1982,0.0
peru,PER,604,1983,0.0
peru,PER,604,1984,0.0
peru,PER,604,1985,0.0
peru,PER,604,1986,0.0
peru,PER,604,1987,0.0
peru,PER,604,1988,0.0
peru,PER,604,1989,0.0
peru,PER,604,1990,0.0
peru,PER,604,1991,0.0
peru,PER,604,1992,0.0
peru,PER,604,1993,0.0
peru,PER,604,1994,0.0
peru,PER,604,1995,0.0
peru,PER,604,1996,0.0
peru,PER,604,1997,0.0
peru,PER,604,1998,0.0
peru,PER,604,1999,0.0
peru,PER,604,2000,0.0
peru,PER,604,2001,0.0
peru,PER,604,2002,0.0
peru,PER,604,2003,0.0
peru,PER,604,2004,0.0
peru,PER,604,2005,0.0
peru,PER,604,2006,0.0
peru,PER,604,2007,0.0
peru,PER,604,2008,0.0
peru,PER,604,2009,0.0
peru,PER,604,2010,0.0
peru,PER,604,2011,0.0
peru,PER,604,2012,0.0
peru,PER,604,2013,0.0
peru,PER,604,2014,0.0
peru,PER,604,2015,0.0
peru,PER,604,2016,0.0
peru,PER,604,2017,0.0
peru,PER,604,2018,0.0
peru,PER,604,2019,0.0
peru,PER,604,2020,0.0
peru,PER,604,2021,0.0
suriname,SUR,740,1970,0.0
suriname,SUR,740,1971,0.0
suriname,SUR,740,1972,0.0
suriname,SUR,740,1973,0.0
suriname,SUR,740,1974,0.0
suriname,SUR,740,1975,0.0
suriname,SUR,740,1976,0.0
suriname,SUR,740,1977,0.0
suriname,SUR,740,1978,0.0
suriname,SUR,740,1979,0.0
suriname,SUR,740,1980,0.0
suriname,SUR,740,1981,0.0
suriname,SUR,740,1982,0.0
suriname,SUR,740,1983,0.0
suriname,SUR,740,1984,0.0
suriname,SUR,740,1985,0.0
suriname,SUR,740,1986,0.0
suriname,SUR,740,1987,0.0
suriname,SUR,740,1988,0.0
suriname,SUR,740,1989,0.0
suriname,SUR,740,1990,0.0
suriname,SUR,740,1991,0.0
suriname,SUR,740,1992,0.0
suriname,SUR,740,1993,0.0
suriname,SUR,740,1994,0.0
suriname,SUR,740,1995,0.0
suriname,SUR,740,1996,0.0
suriname,SUR,740,1997,0.0
suriname,SUR,740,1998,0.0
suriname,SUR,740,1999,0.0
suriname,SUR,740,2000,0.0
suriname,SUR,740,2001,0.0
suriname,SUR,740,2002,0.0
suriname,SUR,740,2003,0.0
suriname,SUR,740,2004,0.0
suriname,SUR,740,2005,0.0
suriname,SUR,740,2006,0.0
suriname,SUR,740,2007,0.0
suriname,SUR,740,2008,0.0
suriname,SUR,740,2009,0.0
suriname,SUR,740,2010,0.0
suriname,SUR,740,2011,0.0
suriname,SUR,740,2012,0.0
suriname,SUR,740,2013,0.0
suriname,SUR,740,2014,0.0
suriname,SUR,740,2015,0.0
suriname,SUR,740,2016,0.0
suriname,SUR,740,2017,0.0
suriname,SUR,740,2018,0.0
suriname,SUR,740,2019,0.0
suriname,SUR,740,2020,0.0
suriname,SUR,740,2021,0.0
trinidad_and_tobago,TTO,780,1970,0.0
trinidad_and_tobago,TTO,780,1971,0.0
trinidad_and_tobago,TTO,780,1972,0.0
trinidad_and_tobago,TTO,780,1973,0.0
trinidad_and_tobago,TTO,780,1974,0.0
trinidad_and_tobago,TTO,780,1975,0.0
trinidad_and_tobago,TTO,780,1976,0.0
trinidad_and_tobago,TTO,780,1977,0.0
trinidad_and_tobago,TTO,780,1978,0.0
trinidad_and_tobago,TTO,780,1979,0.0
trinidad_and_tobago,TTO,780,1980,0.0
trinidad_and_tobago,TTO,780,1981,0.0
trinidad_and_tobago,TTO,780,1982,0.0
trinidad_and_tobago,TTO,780,1983,0.0
trinidad_and_tobago,TTO,780,1984,0.0
trinidad_and_tobago,TTO,780,1985,0.0
trinidad_and_tobago,TTO,780,1986,0.0
trinidad_and_tobago,TTO,780,1987,0.0
trinidad_and_tobago,TTO,780,1988,0.0
trinidad_and_tobago,TTO,780,1989,0.0
trinidad_and_tobago,TTO,780,1990,0.0
trinidad_and_tobago,TTO,780,1991,0.0
trinidad_and_tobago,TTO,780,1992,0.0
trinidad_and_tobago,TTO,780,1993,0.0
trinidad_and_tobago,TTO,780,1994,0.0
trinidad_and_tobago,TTO,780,1995,0.0
trinidad_and_tobago,TTO,780,1996,0.0
trinidad_and_tobago,TTO,780,1997,0.0
trinidad_and_tobago,TTO,780,1998,0.0
trinidad_and_tobago,TTO,780,1999,0.0
trinidad_and_tobago,TTO,780,2000,0.0
trinidad_and_tobago,TTO,780,2001,0.0
trinidad_and_tobago,TTO,780,2002,0.0
trinidad_and_tobago,TTO,780,2003,0.0
trinidad_and_tobago,TTO,780,2004,0.0
trinidad_and_tobago,TTO,780,2005,0.0
trinidad_and_tobago,TTO,780,2006,0.0
trinidad_and_tobago,TTO,780,2007,0.0
trinidad_and_tobago,TTO,780,2008,0.0
trinidad_and_tobago,TTO,780,2009,0.0
trinidad_and_tobago,TTO,780,2010,0.0
trinidad_and_tobago,TTO,780,2011,0.0
trinidad_and_tobago,TTO,780,2012,0.0
trinidad_and_tobago,TTO,780,2013,0.0
trinidad_and_tobago,TTO,780,2014,0.0
trinidad_and_tobago,TTO,780,2015,0.0
trinidad_and_tobago,TTO,780,2016,0.0
trinidad_and_tobago,TTO,780,2017,0.0
trinidad_and_tobago,TTO,780,2018,0.0
trinidad_and_tobago,TTO,780,2019,0.0
trinidad_and_tobago,TTO,780,2020,0.0
trinidad_and_tobago,TTO,780,2021,0.0
uruguay,URY,858,1970,0.0
uruguay,URY,858,1971,0.0
uruguay,URY,858,1972,0.0
uruguay,URY,858,1973,0.0
uruguay,URY,858,1974,0.0
uruguay,URY,858,1975,0.0
uruguay,URY,858,1976,0.0
uruguay,URY,858,1977,0.0
uruguay,URY,858,1978,0.0
uruguay,URY,858,1979,0.0
uruguay,URY,858,1980,0.0
uruguay,URY,858,1981,0.0
uruguay,URY,858,1982,0.0
uruguay,URY,858,1983,0.0
uruguay,URY,858,1984,0.0
uruguay,URY,858,1985,0.0
uruguay,URY,858,1986,0.0
uruguay,URY,858,1987,0.0
uruguay,URY,858,1988,0.0
uruguay,URY,858,1989,0.0
uruguay,URY,858,1990,0.0
uruguay,URY,858,1991,0.0
uruguay,URY,858,1992,0.0
uruguay,URY,858,1993,0.0
uruguay,URY,858,1994,0.0
uruguay,URY,858,1995,0.0
uruguay,URY,858,1996,0.0
uruguay,URY,858,1997,0.0
uruguay,URY,858,1998,0.0
uruguay,URY,858,1999,0.0
uruguay,URY,858,2000,0.0
uruguay,URY,858,2001,0.0
uruguay,URY,858,2002,0.0
uruguay,URY,858,2003,0.0
uruguay,URY,858,2004,0.0
uruguay,URY,858,2005,0.0
uruguay,URY,858,2006,0.0
uruguay,URY,858,2007,0.0
uruguay,URY,858,2008,0.0
uruguay,URY,858,2009,0.0
uruguay,URY,858,2010,0.0
uruguay,URY,858,2011,0.0
uruguay,URY,858,2012,0.0
uruguay,URY,858,2013,0.0
uruguay,URY,858,2014,0.0
uruguay,URY,858,2015,0.0
uruguay,URY,858,2016,0.0
uruguay,URY,858,2017,0.0
uruguay,URY,858,2018,0.0
uruguay,URY,858,2019,0.0
uruguay,URY,858,2020,0.0
uruguay,URY,858,2021,0.0
venezuela,VEN,862,1970,0.0
venezuela,VEN,862,1971,0.0
venezuela,VEN,862,1972,0.0
venezuela,VEN,862,1973,0.0
venezuela,VEN,862,1974,0.0
venezuela,VEN,862,1975,0.0
venezuela,VEN,862,1976,0.0
venezuela,VEN,862,1977,0.0
venezuela,VEN,862,1978,0.0
venezuela,VEN,862,1979,0.0
venezuela,VEN,862,1980,0.0
venezuela,VEN,862,1981,0.0
venezuela,VEN,862,1982,0.0
venezuela,VEN,862,1983,0.0
venezuela,VEN,862,1984,0.0
venezuela,VEN,862,1985,0.0
venezuela,VEN,862,1986,0.0
venezuela,VEN,862,1987,0.0
venezuela,VEN,862,1988,0.0
venezuela,VEN,862,1989,0.0
venezuela,VEN,862,1990,0.0
venezuela,VEN,862,1991,0.0
venezuela,VEN,862,1992,0.0
venezuela,VEN,862,1993,0.0
venezuela,VEN,862,1994,0.0
venezuela,VEN,862,1995,0.0
venezuela,VEN,862,1996,0.0
venezuela,VEN,862,1997,0.0
venezuela,VEN,862,1998,0.0
venezuela,VEN,862,1999,0.0
venezuela,VEN,862,2000,0.0
venezuela,VEN,862,2001,0.0
venezuela,VEN,862,2002,0.0
venezuela,VEN,862,2003,0.0
venezuela,VEN,862,2004,0.0
venezuela,VEN,862,2005,0.0
venezuela,VEN,862,2006,0.0
venezuela,VEN,862,2007,0.0
venezuela,VEN,862,2008,0.0
venezuela,VEN,862,2009,0.0
venezuela,VEN,862,2010,0.0
venezuela,VEN,862,2011,0.0
venezuela,VEN,862,2012,0.0
venezuela,VEN,862,2013,0.0
venezuela,VEN,862,2014,0.0
venezuela,VEN,862,2015,0.0
venezuela,VEN,862,2016,0.0
venezuela,VEN,862,2017,0.0
venezuela,VEN,862,2018,0.0
venezuela,VEN,862,2019,0.0
venezuela,VEN,862,2020,0.0
venezuela,VEN,862,2021,0.0
